id,registry_id,registry_system,registry_status,cde_id,title,phase_code,status_code,population,target,therapy_types,locations_count,locations_count_china,locations_count_overseas,eligibility_age_min,eligibility_age_max,eligibility_ecog_max,eligibility_prior_lines_min,eligibility_prior_lines_max,eligibility_review_status,cross_registry_ids,source_document_type,source_pdf_url,url,updated_at
GqhMYMi2BfZ0y66CdMoJ,,,unregistered,,CR-2011在复发/难治性多发性骨髓瘤的安全性和耐受性、初步有效性的临床研究,phase_2,recruiting,复发难治,靶向BCMA的体内CAR-T细胞疗法（基于mRNA-LNP技术）,CAR-T,1,1,0,18,,1,,,reviewed,,hospital_protocol,https://chinamyeloma.org/registry/doc/GqhMYMi2BfZ0y66CdMoJ.pdf,https://chinamyeloma.org/zh/clinical-trials/GqhMYMi2BfZ0y66CdMoJ,2026-09-03T19:55:22.916Z
e3jf0yOqo4B63EYvces1,CTR20200081,CDE_CTR,cde_registered,CTR20200081,一项在 t(11;14)阳性复发性或难治性多发性骨髓瘤受试者中比较 venetoclax 加地塞米松与泊马度胺加地塞米松的 3 期、多中心、随机、开放性研究,phase_3,recruiting,复发难治,口服小分子靶向药物(BCL-2 抑制剂),small_molecule,19,19,0,18,,2,2,,reviewed,CLINICALTRIALS_GOV:NCT03844048 (https://clinicaltrials.gov/study/NCT03844048),cde_registration,https://chinamyeloma.org/registry/cde/CTR20200081.pdf,https://chinamyeloma.org/zh/clinical-trials/e3jf0yOqo4B63EYvces1,2026-09-07T15:41:09.761Z
8QUxUFIp6PeS3zkjLRNX,CTR20202322,CDE_CTR,cde_registered,CTR20202322,评估 CX13-608 用于复发或难治性多发性骨髓瘤受试者的开放标签的单臂 II 期临床研究,phase_2,recruiting,复发难治,BCMA × CD3 双特异性抗体,bispecific_antibody,10,10,0,18,75,2,2,,reviewed,,cde_registration,https://chinamyeloma.org/registry/cde/CTR20202322.pdf,https://chinamyeloma.org/zh/clinical-trials/8QUxUFIp6PeS3zkjLRNX,2026-09-07T15:41:14.206Z
duqe6ArTLsTEfur3tUHd,CTR20210564,CDE_CTR,cde_registered,CTR20210564,嵌合抗原受体 T 淋巴细胞（C-4-29）细胞制剂治疗复发/难治性多发性骨髓瘤的 I 期临床研究,phase_1,terminated,复发难治,自体抗 BCMA CAR-T,CAR-T,3,3,0,18,,2,3,,reviewed,,cde_registration,https://chinamyeloma.org/registry/cde/CTR20210564.pdf,https://chinamyeloma.org/zh/clinical-trials/duqe6ArTLsTEfur3tUHd,2026-09-07T15:41:19.104Z
IZK1cU4OKF56oThiHPFu,CTR20221007,CDE_CTR,cde_registered,CTR20221007,HRS-3738 在复发难治的非霍奇金淋巴瘤和多发性骨髓瘤患者中的 I 期临床试验,phase_1,recruiting,复发难治,小分子口服靶向药物/新一代 EED（胚胎外胚层发育蛋白）抑制剂,small_molecule,37,37,0,18,,1,1,3,reviewed,CLINICALTRIALS_GOV:NCT05363800 (https://clinicaltrials.gov/study/NCT05363800),cde_registration,https://chinamyeloma.org/registry/cde/CTR20221007.pdf,https://chinamyeloma.org/zh/clinical-trials/IZK1cU4OKF56oThiHPFu,2026-09-07T15:41:22.104Z
rwVElafqk8RwBlLWV55I,CTR20221467,CDE_CTR,cde_registered,CTR20221467,CBM.BCMA 嵌合抗原受体 T 细胞注射液（C-CAR088）治疗复发或难治性多发性骨髓瘤患者的 Ib/II 期临床研究,phase_2,recruiting,复发难治,自体抗BCMA CAR-T,CAR-T,1,1,0,18,,1,3,,reviewed,CLINICALTRIALS_GOV:NCT05521802 (https://clinicaltrials.gov/study/NCT05521802),cde_registration,https://chinamyeloma.org/registry/cde/CTR20221467.pdf,https://chinamyeloma.org/zh/clinical-trials/rwVElafqk8RwBlLWV55I,2026-09-07T15:41:24.776Z
vsPVNmY0ym7MP1W0cEdb,CTR20221556,CDE_CTR,cde_registered,CTR20221556,一项评价 belantamab mafodotin 联合泊马度胺与地塞米松方案 （B-Pd）相比泊马度胺加硼替佐米与地塞米松方案（PVd）治疗在复发性/难治性多发性骨髓瘤受试者的有效性和安全性的 III 期、多中心、开放性、随机研究 （DREAMM 8）,phase_3,recruiting,多发性骨髓瘤,针对 BCMA 靶点的 抗体偶联药物（ADC）,antibody_drug_conjugate,11,11,0,18,,2,1,,reviewed,,cde_registration,https://chinamyeloma.org/registry/cde/CTR20221556.pdf,https://chinamyeloma.org/zh/clinical-trials/vsPVNmY0ym7MP1W0cEdb,2026-09-07T15:41:27.448Z
vFs88zqRIWannad8CWWo,CTR20222476,CDE_CTR,cde_registered,CTR20222476,一项在复发性或难治性多发性骨髓瘤患者中评价抗 CD38 抗体偶联药物（STI-6129）的安全性和有效性的 Ib/IIa 期、开放性、剂量递增和扩展研究,phase_2,recruiting,复发难治,抗体偶联药物（ADC）,antibody_drug_conjugate,4,4,0,18,,2,,,reviewed,CLINICALTRIALS_GOV:NCT05565807 (https://clinicaltrials.gov/study/NCT05565807),cde_registration,https://chinamyeloma.org/registry/cde/CTR20222476.pdf,https://chinamyeloma.org/zh/clinical-trials/vFs88zqRIWannad8CWWo,2026-09-07T15:41:30.613Z
6NB1nSfRxbUnVirRUNLF,CTR20223160,CDE_CTR,cde_registered,CTR20223160,一项评价 ICP-490 单药及联合地塞米松治疗复发和/或难治性多发性骨髓瘤患者中的安全性、耐受性和有效性的多中心、非随机、开放性 I/IIa 期临床研究,phase_2,recruiting,复发难治,口服小分子的“分子胶”降解剂,small_molecule,6,6,0,18,,2,,,reviewed,CLINICALTRIALS_GOV:NCT05719701 (https://clinicaltrials.gov/study/NCT05719701),cde_registration,https://chinamyeloma.org/registry/cde/CTR20223160.pdf,https://chinamyeloma.org/zh/clinical-trials/6NB1nSfRxbUnVirRUNLF,2026-09-07T15:41:33.480Z
0Qmmm9lm1p7BA56I6z2o,CTR20223310,CDE_CTR,cde_registered,CTR20223310,评估注射用 TQB2934 在多发性骨髓瘤受试者中耐受性和药代动力学的 I 期临床试验,phase_1,recruiting,复发难治,重组人源化抗 CD38 单克隆抗体,monoclonal_antibody,14,14,0,18,75,2,1,,reviewed,CLINICALTRIALS_GOV:NCT07179679 (https://clinicaltrials.gov/study/NCT07179679),cde_registration,https://chinamyeloma.org/registry/cde/CTR20223310.pdf,https://chinamyeloma.org/zh/clinical-trials/0Qmmm9lm1p7BA56I6z2o,2026-09-07T15:41:36.954Z
ATudr9cXCpOeBsBtEBMt,CTR20223338,CDE_CTR,cde_registered,CTR20223338,一项在复发或难治性多发性骨髓瘤（RRMM）受试者中比较 MEZIGDOMIDE（CC-92480）、硼替佐米和地塞米松（MEZIVd）与泊马度胺、硼替佐米和地塞米松（PVd）的 III 期、2 阶段、随机、多中心、开放性研究：SUCCESSOR-1,phase_3,recruiting,复发难治,新一代“分子胶”降解剂 (CELMoD),,32,32,0,18,,2,1,3,reviewed,CLINICALTRIALS_GOV:NCT05552976 (https://clinicaltrials.gov/study/NCT05552976),cde_registration,https://chinamyeloma.org/registry/cde/CTR20223338.pdf,https://chinamyeloma.org/zh/clinical-trials/ATudr9cXCpOeBsBtEBMt,2026-09-07T15:41:39.638Z
8tKGaWzEODGQT43wIyH5,CTR20230238,CDE_CTR,cde_registered,CTR20230238,一项评价靶向 BCMA 的嵌合抗原受体 T 细胞注射液（CART-BCMA）治疗复发/难治性多发性骨髓瘤患者的有效性和安全性的Ⅱ期开放、单臂、多中心临床研究,phase_2,recruiting,复发难治,靶向 BCMA 的 CAR-T 细胞疗法,CAR-T,25,25,0,18,,1,3,,reviewed,,cde_registration,https://chinamyeloma.org/registry/cde/CTR20230238.pdf,https://chinamyeloma.org/zh/clinical-trials/8tKGaWzEODGQT43wIyH5,2026-09-03T19:55:17.942Z
D107SNUOgkVnT8mU1xF3,CTR20230801,CDE_CTR,cde_registered,CTR20230801,泊马度胺胶囊联合低剂量地塞米松治疗复发难治性多发性骨髓瘤患者的有效性和安全性的开放、单臂、多中心临床试验,phase_3,recruiting,复发难治,泊马度胺,,28,28,0,18,,2,2,,reviewed,,cde_registration,https://chinamyeloma.org/registry/cde/CTR20230801.pdf,https://chinamyeloma.org/zh/clinical-trials/D107SNUOgkVnT8mU1xF3,2026-09-07T15:41:42.254Z
JtySWeLZ15TfObSRjmu9,CTR20230879,CDE_CTR,cde_registered,CTR20230879,一项评价 KYS202002A 单抗注射液在复发或难治性多发性骨髓瘤患者中安全性、耐受性、药代动力学及初步疗效的 I 期临床研究,phase_1,recruiting,复发难治,重组人源化抗 CD38 单克隆抗体,monoclonal_antibody,7,7,0,18,75,1,2,,reviewed,,cde_registration,https://chinamyeloma.org/registry/cde/CTR20230879.pdf,https://chinamyeloma.org/zh/clinical-trials/JtySWeLZ15TfObSRjmu9,2026-09-04T12:32:48.489Z
19Pj31FdDM8AjC5b6oHM,CTR20231932,CDE_CTR,cde_registered,CTR20231932,一项评价 BGB-11417 单药、BGB-11417 联合地塞米松与 BGB-11417 联合地塞米松和卡非佐米、地塞米松和达雷妥尤单抗以及地塞米松和泊马度胺治疗携带 t(11;14)的复发/难治性多发性骨髓瘤患者的安全性和有效性的 1b/2 期、剂量递增和队列扩展研究,phase_2,recruiting,复发难治,第二代BCL-2抑制剂(口服小分子靶向药),monoclonal_antibody | small_molecule,24,24,0,18,,2,1,,reviewed,CLINICALTRIALS_GOV:NCT04973605 (https://clinicaltrials.gov/study/NCT04973605),cde_registration,https://chinamyeloma.org/registry/cde/CTR20231932.pdf,https://chinamyeloma.org/zh/clinical-trials/19Pj31FdDM8AjC5b6oHM,2026-09-07T16:05:33.358Z
YqMZEd95kNe7iaWrtkSx,CTR20231956,CDE_CTR,cde_registered,CTR20231956,在完成一项 I、II 或 III 期母研究后仍可从基于 isatuximab 的治疗中获益的多发性骨髓瘤患者中开展的国际、多中心、开放标签、治疗扩展研究,phase_2,recruiting,多发性骨髓瘤,抗CD38单克隆抗体,单抗,21,2,19,18,,,,,reviewed,,cde_registration,https://chinamyeloma.org/registry/cde/CTR20231956.pdf,https://chinamyeloma.org/zh/clinical-trials/YqMZEd95kNe7iaWrtkSx,2026-09-04T12:29:41.314Z
vML0GNhX0uBqzICInobE,CTR20232373,CDE_CTR,cde_registered,CTR20232373,注射用 QLS32015 在复发或难治性多发性骨髓瘤患者中的安全性、耐受性、药代动力学、免疫原性以及初步有效性的 I 期临床研究,phase_1,recruiting,复发难治,靶向GPRC5D × CD3的双特异性抗体（双抗）,bispecific_antibody,11,11,0,18,,1,3,,reviewed,CLINICALTRIALS_GOV:NCT05920876 (https://clinicaltrials.gov/study/NCT05920876),cde_registration,https://chinamyeloma.org/registry/cde/CTR20232373.pdf,https://chinamyeloma.org/zh/clinical-trials/vML0GNhX0uBqzICInobE,2026-09-07T16:05:31.742Z
c0GVmGDcJB2qmuoj7OfS,CTR20232814,CDE_CTR,cde_registered,CTR20232814,一项在复发难治多发性骨髓瘤受试者中评估 OriCAR-017 安全性、药代动力学和有效性的开放性、多中心临床研究（MERCURY）,phase_2,recruiting,复发难治,靶向GPRC5D的CAR-T,CAR-T,8,8,0,18,75,2,,,reviewed,,cde_registration,https://chinamyeloma.org/registry/cde/CTR20232814.pdf,https://chinamyeloma.org/zh/clinical-trials/c0GVmGDcJB2qmuoj7OfS,2026-09-04T07:19:09.295Z
OrWE1CPIPHNP4wLgrMiy,CTR20232917,CDE_CTR,cde_registered,CTR20232917,一项在新诊断的多发性骨髓瘤（NDMM）受试者中比较自体干细胞移植（ASCT）后使用 Iberdomide 维持治疗与来那度胺维持治疗的两阶段、随机、多中心、对照、开放性、III 期研究,phase_3,recruiting,新诊断/维持治疗,口服小分子的“分子胶”降解剂(新一代的 Cereblon E3 连接酶调节剂 (CELMoD)),small_molecule,37,37,0,18,,2,,,reviewed,,cde_registration,https://chinamyeloma.org/registry/cde/CTR20232917.pdf,https://chinamyeloma.org/zh/clinical-trials/OrWE1CPIPHNP4wLgrMiy,2026-09-07T15:47:56.531Z
3gVKQcXjhXC3mlC5sXKM,CTR20232951,CDE_CTR,cde_registered,CTR20232951,GC012F 注射液治疗复发/难治性多发性骨髓瘤的 I/II 期临床研究,phase_2,recruiting,复发难治,针对 BCMA 和 CD38 两个靶点的CAR-T,CAR-T | monoclonal_antibody,10,10,0,18,75,1,3,,reviewed,CLINICALTRIALS_GOV:NCT04935580 (https://clinicaltrials.gov/study/NCT04935580),cde_registration,https://chinamyeloma.org/registry/cde/CTR20232951.pdf,https://chinamyeloma.org/zh/clinical-trials/3gVKQcXjhXC3mlC5sXKM,2026-09-07T16:05:27.360Z
eomewhvFJMWqL9JHVa8B,CTR20232974,CDE_CTR,cde_registered,CTR20232974,评价 LBL-034 治疗复发/难治性多发性骨髓瘤患者的安全性、耐受性、药物代谢动力学及有效性的多中心、开放性Ⅰ/Ⅱ期临床研究,phase_2,recruiting,复发难治,GPRC5D × CD3 双特异性抗体,bispecific_antibody,21,21,0,18,,1,,,reviewed,CLINICALTRIALS_GOV:NCT06049290 (https://clinicaltrials.gov/study/NCT06049290),cde_registration,https://chinamyeloma.org/registry/cde/CTR20232974.pdf,https://chinamyeloma.org/zh/clinical-trials/eomewhvFJMWqL9JHVa8B,2026-09-07T16:05:25.472Z
7G70yqyZIYf3RtlaZt8F,CTR20233309,CDE_CTR,cde_registered,CTR20233309,评价 KQ-2003 CAR-T 细胞在复发/难治性多发性骨髓瘤患者的安全性、耐受性、初步有效性和药代动力学特征的 I/IIa 期临床研究,phase_2,recruiting,复发难治,自体 BCMA/CD19 双靶向 CAR-T,CAR-T,10,10,0,18,,2,,,reviewed,CLINICALTRIALS_GOV:NCT06223646 (https://clinicaltrials.gov/study/NCT06223646),cde_registration,https://chinamyeloma.org/registry/cde/CTR20233309.pdf,https://chinamyeloma.org/zh/clinical-trials/7G70yqyZIYf3RtlaZt8F,2026-09-07T16:05:21.555Z
PsMcnWBthaE66z1cxzow,CTR20233717,CDE_CTR,cde_registered,CTR20233717,评估 GLB-002 在复发或难治性非霍奇金淋巴瘤患者中的安全性、耐受性、药代动力学特征、药效动力特征及初步有效性的 I 期临床研究,phase_1,recruiting,复发难治,CD20 × CD3 双特异性抗体,bispecific_antibody,13,13,0,18,,2,,,reviewed,,cde_registration,https://chinamyeloma.org/registry/cde/CTR20233717.pdf,https://chinamyeloma.org/zh/clinical-trials/PsMcnWBthaE66z1cxzow,2026-09-07T16:05:19.565Z
oCHfTljNBCrviQxMSxi5,CTR20233843,CDE_CTR,cde_registered,CTR20233843,一项评价 CM313(SC)注射液单药及联合其他抗肿瘤治疗在复发/难治性多发性骨髓瘤受试者中的安全性、耐受性、药代动力学、药效学和初步疗效的多中心、开放的 I/II 期临床研究,phase_2,recruiting,复发难治,重组人源化抗 CD38 单克隆抗体,monoclonal_antibody,16,16,0,18,,2,1,,reviewed,CLINICALTRIALS_GOV:NCT04818372 (https://clinicaltrials.gov/study/NCT04818372),cde_registration,https://chinamyeloma.org/registry/cde/CTR20233843.pdf,https://chinamyeloma.org/zh/clinical-trials/oCHfTljNBCrviQxMSxi5,2026-09-07T16:05:17.427Z
6ZTANbzgdkGdO6ps0Y7p,CTR20233883,CDE_CTR,cde_registered,CTR20233883,一项在不适合移植或延迟移植的新诊断多发性骨髓瘤研究参与者中评估 ELRANATAMAB (PF-06863135) + 达雷妥尤单抗 + 来那度胺对比达雷妥尤单抗 + 来那度胺 + 地塞米松的疗效和安全性的开放性、双臂、多中心、随机、III 期研究,phase_3,recruiting,新诊断/复发难治,BCMA × CD3 双特异性抗体,bispecific_antibody,17,17,0,18,,2,0,2,reviewed,CLINICALTRIALS_GOV:NCT05020236 (https://clinicaltrials.gov/study/NCT05020236),cde_registration,https://chinamyeloma.org/registry/cde/CTR20233883.pdf,https://chinamyeloma.org/zh/clinical-trials/6ZTANbzgdkGdO6ps0Y7p,2026-09-07T16:05:07.014Z
QYFSrMVgqn0UFslBxT3u,CTR20240189,CDE_CTR,cde_registered,CTR20240189,SWK001 在复发或难治性多发性骨髓瘤患者中的安全性、耐受性及初步疗效的临床研究,phase_1,recruiting,复发难治,自体 BCMA/CD19 双靶向 CAR-T,CAR-T,1,1,0,18,,2,3,,reviewed,,cde_registration,https://chinamyeloma.org/registry/cde/CTR20240189.pdf,https://chinamyeloma.org/zh/clinical-trials/QYFSrMVgqn0UFslBxT3u,2026-09-07T16:05:04.724Z
ftngi0uYzyE8iBuJFd71,CTR20240206,CDE_CTR,cde_registered,CTR20240206,一项评价 MBS314 注射液治疗复发/难治性多发性骨髓瘤的安全性、耐受性、药代动力学、药效动力学特征和有效性的 I/Ⅱ期临床研究。,phase_2,recruiting,复发难治,靶向BCMA 和 GPRC5D和CD3的三特异性抗体（三抗）,,11,11,0,18,,1,,,reviewed,CLINICALTRIALS_GOV:NCT06232096 (https://clinicaltrials.gov/study/NCT06232096),cde_registration,https://chinamyeloma.org/registry/cde/CTR20240206.pdf,https://chinamyeloma.org/zh/clinical-trials/ftngi0uYzyE8iBuJFd71,2026-09-07T16:05:02.722Z
uegwy8tTX2TQMZqvMGAI,CTR20241042,CDE_CTR,cde_registered,CTR20241042,一项评价 SG301 注射液联合泊马度胺和地塞米松对比安慰剂联合泊马度胺和地塞米松治疗复发/难治性多发性骨髓瘤有效性和安全性的随机、对照、双盲、多中心Ⅲ 期临床试验（第一阶段）,phase_3,recruiting,复发难治,重组抗 CD38 人源化单克隆抗体,monoclonal_antibody,12,12,0,18,75,2,1,,reviewed,CLINICALTRIALS_GOV:NCT06508983 (https://clinicaltrials.gov/study/NCT06508983),cde_registration,https://chinamyeloma.org/registry/cde/CTR20241042.pdf,https://chinamyeloma.org/zh/clinical-trials/uegwy8tTX2TQMZqvMGAI,2026-09-07T16:05:00.974Z
TgLFI9j8igoXpYpnhMbC,CTR20241093,CDE_CTR,cde_registered,CTR20241093,在健康男性受试者中比较 QL2109 和 DARZALEX FASPRO&reg;药代动力学特征、安全性和免疫原性的随机、双盲、单次给药、平行对照的 I 期临床试验,phase_1,recruiting,健康受试者,达雷妥尤单抗的国产仿制药,,3,2,0,18,50,,,,reviewed,,cde_registration,https://chinamyeloma.org/registry/cde/CTR20241093.pdf,https://chinamyeloma.org/zh/clinical-trials/TgLFI9j8igoXpYpnhMbC,2026-09-07T16:04:59.210Z
CqeMXglzVLEMk6C0iZKn,CTR20241210,CDE_CTR,cde_registered,CTR20241210,评价 HMPL-506 在血液系统恶性肿瘤中的安全性、药代动力学和疗效的多中心、开放 I 期临床研究,phase_1,recruiting,复发难治,小分子靶向药物/Syk（脾酪氨酸激酶）抑制剂,small_molecule,13,13,0,18,,2,,,reviewed,,cde_registration,https://chinamyeloma.org/registry/cde/CTR20241210.pdf,https://chinamyeloma.org/zh/clinical-trials/CqeMXglzVLEMk6C0iZKn,2026-09-07T16:04:57.799Z
AtK1RE05kjDh72aU3jaN,CTR20241358,CDE_CTR,cde_registered,CTR20241358,评价人源化 GPRC5D-BCMA-CD3 三特异性抗体 SIM0500 在复发或难治性多发性骨髓瘤受试者中的安全性、耐受性、药代动力学和初步抗肿瘤活性的首次人体 (FIH) 、开放性 I 期研究,phase_1,recruiting,复发难治,GPRC5D × BCMA × CD3 三特异性抗体,,7,7,0,18,,1,,,reviewed,CLINICALTRIALS_GOV:NCT06375044 (https://clinicaltrials.gov/study/NCT06375044),cde_registration,https://chinamyeloma.org/registry/cde/CTR20241358.pdf,https://chinamyeloma.org/zh/clinical-trials/AtK1RE05kjDh72aU3jaN,2026-09-07T16:04:55.975Z
HbsgxfsdffPwxgQKYlaA,CTR20241434,CDE_CTR,cde_registered,CTR20241434,一项在不适合或不计划接受自体干细胞移植作为初始治疗的新诊断多发性骨髓瘤受试者中比较 Teclistamab 联合达雷妥尤单抗皮下（SC）和来那度胺（Tec-DR）以及 Talquetamab 联合达雷妥尤单抗 SC 和来那度胺（Tal-DR）与达雷妥尤单抗 SC、来那度胺和地塞米松（DRd）的 III 期、随机研究,phase_3,recruiting,新诊断,BCMA × CD3 双特异性抗体(MajestTEC-7研究）,bispecific_antibody | monoclonal_antibody,32,32,0,18,,2,0,0,reviewed,,cde_registration,https://chinamyeloma.org/registry/cde/CTR20241434.pdf,https://chinamyeloma.org/zh/clinical-trials/HbsgxfsdffPwxgQKYlaA,2026-09-07T16:04:54.062Z
HXU42BOgWpGosvrdea6n,CTR20241570,CDE_CTR,cde_registered,CTR20241570,评价 YKST02 治疗复发/难治性多发性骨髓瘤的安全性、耐受性、药代动力学特征和初步抗肿瘤疗效的多中心、开放性、I 期临床研究,phase_1,recruiting,复发难治,自体 CD19/BCMA 双靶向 CAR-T,CAR-T,13,13,0,18,75,1,2,,reviewed,CLINICALTRIALS_GOV:NCT06574568 (https://clinicaltrials.gov/study/NCT06574568),cde_registration,https://chinamyeloma.org/registry/cde/CTR20241570.pdf,https://chinamyeloma.org/zh/clinical-trials/HXU42BOgWpGosvrdea6n,2026-09-07T16:04:52.269Z
1m2aYcOw5e9kAsDUwGFt,CTR20241633,CDE_CTR,cde_registered,CTR20241633,注射用甲磺酸普依司他联合泊马度胺胶囊、低剂量地塞米松治疗复发或难治性多发性骨髓瘤患者的有效性和安全性的开放、平行对照、多中心 Ib/IIa 期临床研究,phase_2,recruiting,复发难治,小分子化疗增敏药(HDAC 抑制剂),small_molecule,11,11,0,18,75,2,1,,reviewed,,cde_registration,https://chinamyeloma.org/registry/cde/CTR20241633.pdf,https://chinamyeloma.org/zh/clinical-trials/1m2aYcOw5e9kAsDUwGFt,2026-09-07T16:04:50.677Z
E4J6dq0oeh4Gb7PgT78G,CTR20241656,CDE_CTR,cde_registered,CTR20241656,伊基奥仑赛注射液治疗来那度胺耐药的复发/难治性多发性骨髓瘤患者的随机对照Ⅲ期临床研究,phase_3,recruiting,复发难治,CAR-T,CAR-T | monoclonal_antibody,28,28,0,18,75,1,1,2,reviewed,,cde_registration,https://chinamyeloma.org/registry/cde/CTR20241656.pdf,https://chinamyeloma.org/zh/clinical-trials/E4J6dq0oeh4Gb7PgT78G,2026-09-07T16:04:48.280Z
SydJOscCWBx0RsdGER4s,CTR20241689,CDE_CTR,cde_registered,CTR20241689,一项在复发性或难治性多发性骨髓瘤受试者中评价 AZD0305单药治疗或与抗癌药物联合治疗的安全性、耐受性、药代动力学、免疫原性、药效学和初步有效性的 I/II 期、开放性、多中心模块化研究,phase_2,recruiting,多发性骨髓瘤,抗体偶联药物（ADC),antibody_drug_conjugate,4,4,0,18,,2,3,,reviewed,CLINICALTRIALS_GOV:NCT06106945 (https://clinicaltrials.gov/study/NCT06106945),cde_registration,https://chinamyeloma.org/registry/cde/CTR20241689.pdf,https://chinamyeloma.org/zh/clinical-trials/SydJOscCWBx0RsdGER4s,2026-09-07T16:04:46.577Z
R7nlhEAoiBG4mC2uD8bf,CTR20242335,CDE_CTR,cde_registered,CTR20242335,SHR-9539 注射液在多发性骨髓瘤患者中的安全性、耐受性、药代动力学、药效动力学及疗效的开放、多中心的 I 期临床研究,phase_1,recruiting,多发性骨髓瘤,靶向BCMA × CD3的双特异性抗体（双抗）,bispecific_antibody,28,28,0,18,,1,,,reviewed,CLINICALTRIALS_GOV:NCT06484777 (https://clinicaltrials.gov/study/NCT06484777),cde_registration,https://chinamyeloma.org/registry/cde/CTR20242335.pdf,https://chinamyeloma.org/zh/clinical-trials/R7nlhEAoiBG4mC2uD8bf,2026-09-07T16:04:44.603Z
tbOLsmYddPt9ti9zw2p7,CTR20242452,CDE_CTR,cde_registered,CTR20242452,一项在复发或难治性多发性骨髓瘤受试者中比较Etentamig 与现有标准治疗的 III 期、多中心、随机、开放性研究（3L+RRMM 单药治疗研究）,phase_3,recruiting,复发难治,BCMA × CD3 双特异性 T 细胞衔接器 (BiTE),bispecific_antibody | monoclonal_antibody,19,19,0,18,,2,2,,reviewed,CLINICALTRIALS_GOV:NCT06158841 (https://clinicaltrials.gov/study/NCT06158841),cde_registration,https://chinamyeloma.org/registry/cde/CTR20242452.pdf,https://chinamyeloma.org/zh/clinical-trials/tbOLsmYddPt9ti9zw2p7,2026-09-07T16:04:42.707Z
xz7FUULtBV4MiXMftM40,CTR20242490,CDE_CTR,cde_registered,CTR20242490,在多发性骨髓瘤患者中评价 Motixafortide（BL-8040）联合 G-CSF 动员造血干细胞用于自体移植的随机、双盲、安慰剂对照的多中心Ⅲ期临床研究,phase_3,recruiting,多发性骨髓瘤,靶向 CXCR4 的合成多肽类拮抗剂（多肽药物）,,12,12,0,18,78,1,,,reviewed,CLINICALTRIALS_GOV:NCT06514508 (https://clinicaltrials.gov/study/NCT06514508),cde_registration,https://chinamyeloma.org/registry/cde/CTR20242490.pdf,https://chinamyeloma.org/zh/clinical-trials/xz7FUULtBV4MiXMftM40,2026-09-07T16:04:40.015Z
FkoZ7ALh8ksc68SAWyP2,CTR20242686,CDE_CTR,cde_registered,CTR20242686,注射用 QLS4131 在复发或难治性多发性骨髓瘤患者中的安全性、耐受性、药代动力学、免疫原性以及初步有效性的 I 期临床研究,phase_1,recruiting,复发难治,靶向BCMA和CD3和GPRC5D的三特异性抗体（三抗）,,15,15,0,18,,1,,,reviewed,CLINICALTRIALS_GOV:NCT06500507 (https://clinicaltrials.gov/study/NCT06500507),cde_registration,https://chinamyeloma.org/registry/cde/CTR20242686.pdf,https://chinamyeloma.org/zh/clinical-trials/FkoZ7ALh8ksc68SAWyP2,2026-09-07T16:04:33.754Z
nJMVnqeybWEagWPUzAsH,CTR20242943,CDE_CTR,cde_registered,CTR20242943,评估 HP-001 胶囊在复发难治的多发性骨髓瘤和非霍奇金淋巴瘤患者中的安全性、耐受性、药代动力学和有效性的 I 期临床研究,phase_1,recruiting,复发难治,小分子化学药物,small_molecule,26,26,0,18,75,2,,,reviewed,,cde_registration,https://chinamyeloma.org/registry/cde/CTR20242943.pdf,https://chinamyeloma.org/zh/clinical-trials/nJMVnqeybWEagWPUzAsH,2026-09-07T16:04:30.513Z
SFDWamzz4S8kelQ91GVC,CTR20243384,CDE_CTR,cde_registered,CTR20243384,IBI3003 在复发或难治性多发性骨髓瘤受试者中的 I/II 期、多中心、开放标签研究,phase_2,recruiting,复发难治,靶向GPRC5D 和 BCMA和CD3的三特异性抗体（三抗）,,23,23,0,18,,1,2,,reviewed,CLINICALTRIALS_GOV:NCT07764861 (https://clinicaltrials.gov/study/NCT07764861),cde_registration,https://chinamyeloma.org/registry/cde/CTR20243384.pdf,https://chinamyeloma.org/zh/clinical-trials/SFDWamzz4S8kelQ91GVC,2026-09-07T16:01:24.537Z
FGr2P4JVsqt6Vcka0jvg,CTR20243438,CDE_CTR,cde_registered,CTR20243438,CBG002 CAR-T 细胞注射液治疗复发或难治性多发性骨髓瘤患者的 I 期临床研究,phase_1,recruiting,复发难治,靶向BCMA的CAR-T细胞疗法,CAR-T,3,3,0,18,75,2,3,,reviewed,CLINICALTRIALS_GOV:NCT04706936 (https://clinicaltrials.gov/study/NCT04706936),cde_registration,https://chinamyeloma.org/registry/cde/CTR20243438.pdf,https://chinamyeloma.org/zh/clinical-trials/FGr2P4JVsqt6Vcka0jvg,2026-09-04T04:50:37.754Z
ZJrScw3tnHHUOk5jOgEB,CTR20244043,CDE_CTR,cde_registered,CTR20244043,评估注射用 TQB2029 在多发性骨髓瘤受试者中耐受性和药代动力学的 I 期临床研究,phase_1,recruiting,复发难治,靶向 GPRC5D×CD3 的双特异性抗体（双抗）,bispecific_antibody | monoclonal_antibody,12,12,0,18,75,1,3,,reviewed,CLINICALTRIALS_GOV:NCT06700395 (https://clinicaltrials.gov/study/NCT06700395),cde_registration,https://chinamyeloma.org/registry/cde/CTR20244043.pdf,https://chinamyeloma.org/zh/clinical-trials/ZJrScw3tnHHUOk5jOgEB,2026-09-07T16:01:19.772Z
hWxz9CUs0PtHgSwqBFNp,CTR20244775,CDE_CTR,cde_registered,CTR20244775,比较 QL2109 或 DARZALEX FASPRO®分别联合泊马度胺、地塞米松治疗复发性或难治性多发性骨髓瘤患者的有效性和安全性随机、双盲、多中心 III 期临床研究,phase_3,recruiting,多发性骨髓瘤,靶向 CD38 的单克隆抗体,monoclonal_antibody,83,83,0,18,,2,1,,reviewed,,cde_registration,https://chinamyeloma.org/registry/cde/CTR20244775.pdf,https://chinamyeloma.org/zh/clinical-trials/hWxz9CUs0PtHgSwqBFNp,2026-09-07T16:01:16.110Z
YL1nqpHnSSEicSJP0rVk,CTR20250778,CDE_CTR,cde_registered,CTR20250778,评价 F182112 联合不同给药方案治疗复发或难治性多发性骨髓瘤患者的有效性和安全性的开放、多中心 II 期临床研究,phase_2,recruiting,复发难治,注射用重组人源化抗 BCMA/CD3 双特异性抗体,bispecific_antibody,44,44,0,18,,2,1,,reviewed,CLINICALTRIALS_GOV:NCT07312188 (https://clinicaltrials.gov/study/NCT07312188),cde_registration,https://chinamyeloma.org/registry/cde/CTR20250778.pdf,https://chinamyeloma.org/zh/clinical-trials/YL1nqpHnSSEicSJP0rVk,2026-09-07T16:01:12.619Z
OdiaDxapcOtqdNBlA9Qn,CTR20250844,CDE_CTR,cde_registered,CTR20250844,GR1803 注射液在合并髓外病变的复发性/难治性多发性骨髓瘤患者中有效性、安全性、药代动力学和免疫原性的单臂、开放、多中心 II 期临床试验,phase_2,recruiting,多发性骨髓瘤,T 细胞重定向双特异性抗体,bispecific_antibody,1,1,0,18,,2,1,,reviewed,CLINICALTRIALS_GOV:NCT07090954 (https://clinicaltrials.gov/study/NCT07090954),cde_registration,https://chinamyeloma.org/registry/cde/CTR20250844.pdf,https://chinamyeloma.org/zh/clinical-trials/OdiaDxapcOtqdNBlA9Qn,2026-09-07T16:01:09.933Z
3AvB3tCcfTlEGo4WPbsf,CTR20250938,CDE_CTR,cde_registered,CTR20250938,ELRANATAMAB 试验后用药：一项多发性骨髓瘤研究参与者继续参加辉瑞申办的 ELRANATAMAB 临床研究的开放性、单臂研究,clinical_study,recruiting,多发性骨髓瘤,双特异性抗体,bispecific_antibody,7,7,0,18,,,,,reviewed,,cde_registration,https://chinamyeloma.org/registry/cde/CTR20250938.pdf,https://chinamyeloma.org/zh/clinical-trials/3AvB3tCcfTlEGo4WPbsf,2026-09-07T16:01:07.338Z
qgO2dLAb6QvTQwWrWEt0,CTR20251016,CDE_CTR,cde_registered,CTR20251016,一项在复发性或难治性多发性骨髓瘤中国患者中评价 CEVOSTAMAB 的药代动力学、安全性和有效性的 Ib 期、开放性、单臂、多中心试验,phase_1,recruiting,复发难治,T 细胞重定向的双特异性抗体（双抗）,bispecific_antibody,4,4,0,18,,1,1,,reviewed,,cde_registration,https://chinamyeloma.org/registry/cde/CTR20251016.pdf,https://chinamyeloma.org/zh/clinical-trials/qgO2dLAb6QvTQwWrWEt0,2026-09-07T16:01:03.971Z
a3NQg66vbRwmNU0eD1AU,CTR20252454,CDE_CTR,cde_registered,CTR20252454,评价 QLS32015 联合用药治疗多发性骨髓瘤的多中心、开放性 II 期研究,phase_2,recruiting,多发性骨髓瘤,T细胞重定向的双特异性抗体,bispecific_antibody,50,50,0,18,,1,1,,reviewed,CLINICALTRIALS_GOV:NCT07018050 (https://clinicaltrials.gov/study/NCT07018050),cde_registration,https://chinamyeloma.org/registry/cde/CTR20252454.pdf,https://chinamyeloma.org/zh/clinical-trials/a3NQg66vbRwmNU0eD1AU,2026-09-07T16:01:00.843Z
r2qe2iXVqROXG1ibIIW7,CTR20252862,CDE_CTR,cde_registered,CTR20252862,评估受试制剂枸橼酸伊沙佐米胶囊（规格：4 mg）与参比制剂（恩莱瑞®，规格：4 mg）在患者空腹状态下的多中心、开放、随机、单剂量、两周期、两序列、交叉生物等效性试验,,recruiting,多发性骨髓瘤,枸橼酸伊沙佐米胶囊国产仿制药,,4,4,0,18,,2,1,,reviewed,,cde_registration,https://chinamyeloma.org/registry/cde/CTR20252862.pdf,https://chinamyeloma.org/zh/clinical-trials/r2qe2iXVqROXG1ibIIW7,2026-09-07T16:00:57.862Z
NL7mFmowccRfo68l1Ama,CTR20252876,CDE_CTR,cde_registered,CTR20252876,一项在既往接受过至少 1 线治疗（包括来那度胺和蛋白酶体抑制剂）的复发/难治性多发性骨髓瘤受试者中评价 GR1803 注射液联合抗 CD38 单抗安全性、药代动力学、免疫原性和初步疗效的开放性、多中心 Ib/II 期临床试验,phase_2,recruiting,复发难治,靶向 BCMA 的双抗新药（GR1803）,monoclonal_antibody,3,3,0,18,,2,1,,reviewed,CLINICALTRIALS_GOV:NCT07090954 (https://clinicaltrials.gov/study/NCT07090954),cde_registration,https://chinamyeloma.org/registry/cde/CTR20252876.pdf,https://chinamyeloma.org/zh/clinical-trials/NL7mFmowccRfo68l1Ama,2026-09-07T16:00:39.016Z
e00Jz0IxLjazI4hin3WO,CTR20253002,CDE_CTR,cde_registered,CTR20253002,枸橼酸伊沙佐米胶囊在肿瘤患者空腹状态下随机、开放、两周期、两交叉生物等效性研究,,recruiting,多发性骨髓瘤,伊沙佐米国内仿制药,,2,2,0,18,75,1,,,reviewed,,cde_registration,https://chinamyeloma.org/registry/cde/CTR20253002.pdf,https://chinamyeloma.org/zh/clinical-trials/e00Jz0IxLjazI4hin3WO,2026-09-04T12:33:34.965Z
K6X3u8erpIIi72cAC7h7,CTR20253381,CDE_CTR,cde_registered,CTR20253381,一项在复发/难治性多发性骨髓瘤（RRMM）受试者中评估注射用 QLS32015 单药对比研究者选择的方案的有效性和安全性的随机、对照、多中心、开放的 III 期研究,phase_3,recruiting,复发难治,GPRC5D/CD3双特异性抗体,bispecific_antibody,82,82,0,18,,2,3,,reviewed,CLINICALTRIALS_GOV:NCT07138209 (https://clinicaltrials.gov/study/NCT07138209),cde_registration,https://chinamyeloma.org/registry/cde/CTR20253381.pdf,https://chinamyeloma.org/zh/clinical-trials/K6X3u8erpIIi72cAC7h7,2026-09-07T15:45:52.990Z
4hWux2nWgzlykmWhrg8H,CTR20253414,CDE_CTR,cde_registered,CTR20253414,一项评价 SG301 注射液联合泊马度胺和地塞米松对比安慰剂联合泊马度胺和地塞米松治疗复发/难治性多发性骨髓瘤有效性和安全性的随机、对照、双盲、多中心Ⅲ 期临床试验,phase_3,recruiting,复发难治,靶向 CD38 的单克隆抗体新药,monoclonal_antibody,78,78,0,18,75,2,1,,reviewed,CLINICALTRIALS_GOV:NCT06508983 (https://clinicaltrials.gov/study/NCT06508983),cde_registration,https://chinamyeloma.org/registry/cde/CTR20253414.pdf,https://chinamyeloma.org/zh/clinical-trials/4hWux2nWgzlykmWhrg8H,2026-09-04T06:40:44.348Z
1lgFLaIhQcMbP93FrcwS,CTR20253656,CDE_CTR,cde_registered,CTR20253656,评估注射用 TQB2934 皮下制剂在恶性浆细胞肿瘤受试者中安全性和药代动力学的 I 期临床研究,phase_1,recruiting,复发难治,靶向 BCMA×CD3 的双特异性抗体,bispecific_antibody,14,14,0,18,75,2,1,,reviewed,CLINICALTRIALS_GOV:NCT07179679 (https://clinicaltrials.gov/study/NCT07179679),cde_registration,https://chinamyeloma.org/registry/cde/CTR20253656.pdf,https://chinamyeloma.org/zh/clinical-trials/1lgFLaIhQcMbP93FrcwS,2026-09-04T12:33:09.602Z
IJmWSIKTVOukJEpY2XZD,CTR20254042,CDE_CTR,cde_registered,CTR20254042,评估 HP-001 胶囊联合地塞米松在复发难治的多发性骨髓瘤患者中的安全性、耐受性、药代动力学和有效性的 I/II 期临床研究,phase_2,recruiting,复发难治,小分子化学药物,small_molecule,20,20,0,18,,2,3,,reviewed,,cde_registration,https://chinamyeloma.org/registry/cde/CTR20254042.pdf,https://chinamyeloma.org/zh/clinical-trials/IJmWSIKTVOukJEpY2XZD,2026-09-04T07:11:33.688Z
4spEIHDMIc0CP8ZIi7dW,CTR20254167,CDE_CTR,cde_registered,CTR20254167,一项随机、双盲、平行对照比较 JY43 与兆珂®在健康男性受试者中的药代动力学、安全性、耐受性和免疫原性的研究,phase_1,recruiting,健康受试者,达雷妥尤单抗类似药（单克隆抗体）,monoclonal_antibody,2,2,0,18,60,,,,reviewed,,cde_registration,https://chinamyeloma.org/registry/cde/CTR20254167.pdf,https://chinamyeloma.org/zh/clinical-trials/4spEIHDMIc0CP8ZIi7dW,2026-09-04T06:24:38.778Z
ynkeCqP2WmiB33BpDNgA,CTR20260125,CDE_CTR,cde_registered,CTR20260125,一项评估 HL17 在复发或难治性多发性骨髓瘤受试者中的安全性、耐受性、药代动力学和初步有效性的 I 期、开放标签、多中心研究,phase_1,recruiting,复发难治,重组抗 BCMA 和 CD3 双特异性抗体注射液,bispecific_antibody | monoclonal_antibody,1,1,0,18,75,1,,,reviewed,,cde_registration,https://chinamyeloma.org/registry/cde/CTR20260125.pdf,https://chinamyeloma.org/zh/clinical-trials/ynkeCqP2WmiB33BpDNgA,2026-09-04T06:05:02.849Z
FwNy6wcp4kZg2dtYi7jt,CTR20260193,CDE_CTR,cde_registered,CTR20260193,一项评估 HDP-101 在包括多发性骨髓瘤在内的中国浆细胞疾病患者中的安全性、耐受性、药代动力学特征和有效性的 1 期临床研究,phase_1,recruiting,复发难治,靶向BCMA的新型抗体偶联药物（ADC）,ADC,5,5,0,18,,2,,,reviewed,CLINICALTRIALS_GOV:NCT07529782 (https://clinicaltrials.gov/study/NCT07529782),cde_registration,https://chinamyeloma.org/registry/cde/CTR20260193.pdf,https://chinamyeloma.org/zh/clinical-trials/FwNy6wcp4kZg2dtYi7jt,2026-09-07T15:44:51.793Z
bOiH4izAIKA4j1yoMZhe,CTR20260453,CDE_CTR,cde_registered,CTR20260453,一项在既往接受过 1-3 线治疗（包括来那度胺和蛋白酶体抑制剂）的复发/难治性多发性骨髓瘤受试者中比较 GR1803 注射液与达雷妥尤单抗+泊马度胺+地塞米松的疗效和安全性的多中心、开放、随机Ⅲ期临床试验,phase_3,recruiting,复发难治,靶向 BCMA 的双抗,monoclonal_antibody,67,67,0,18,,2,1,3,reviewed,CLINICALTRIALS_GOV:NCT07452198 (https://clinicaltrials.gov/study/NCT07452198),cde_registration,https://chinamyeloma.org/registry/cde/CTR20260453.pdf,https://chinamyeloma.org/zh/clinical-trials/bOiH4izAIKA4j1yoMZhe,2026-09-07T15:45:28.985Z
cqUObYck9r2udP2Hjdwj,CTR20260785,CDE_CTR,cde_registered,CTR20260785,一项在不适合移植的新诊断多发性骨髓瘤患者中比较 HLX15-SC 与 DARZALEX FASPRO; 联合来那度胺-地塞米松（Rd）的药代动力学特征、安全性、耐受性和免疫原性的随机、双盲、平行对照 I 期研究,phase_1,recruiting,新诊断,靶向 CD38 的重组全人单克隆抗体,monoclonal_antibody,66,66,0,18,,1,0,0,reviewed,CLINICALTRIALS_GOV:NCT07477587 (https://clinicaltrials.gov/study/NCT07477587),cde_registration,https://chinamyeloma.org/registry/cde/CTR20260785.pdf,https://chinamyeloma.org/zh/clinical-trials/cqUObYck9r2udP2Hjdwj,2026-09-03T19:40:49.325Z
iwTYbkO2LVHRG3NaKFyc,CTR20261752,CDE_CTR,cde_registered,CTR20261752,评价注射用 QLS4131 联合用药治疗恶性浆细胞肿瘤的多中心、开放性 II 期研究,phase_2,recruiting,多发性骨髓瘤,靶向BCMA和CD3和GPRC5D的三特异性抗体（三抗）,,39,39,0,18,,1,,,reviewed,CLINICALTRIALS_GOV:NCT06500507 (https://clinicaltrials.gov/study/NCT06500507),cde_registration,https://chinamyeloma.org/registry/cde/CTR20261752.pdf,https://chinamyeloma.org/zh/clinical-trials/iwTYbkO2LVHRG3NaKFyc,2026-09-03T19:55:16.208Z
mnp16PdCHrRaC9OLfVkX,CTR20262035,CDE_CTR,cde_registered,CTR20262035,IBI3003 对比研究者选择方案（DPd 或 PVd）在复发或难治性多发性骨髓瘤参与者中的疗效和安全性的多中心、随机对照、开放性、III 期临床研究,phase_3,recruiting,复发难治,GPRC5D/BCMA/CD3 三特异性抗体,三抗,45,45,0,18,,1,,,reviewed,CDE_CTR:CTR20243384 | CLINICALTRIALS_GOV:NCT07623798 (https://clinicaltrials.gov/study/NCT07623798),cde_registration,https://chinamyeloma.org/registry/cde/CTR20262035.pdf,https://chinamyeloma.org/zh/clinical-trials/mnp16PdCHrRaC9OLfVkX,2026-09-07T16:00:47.505Z
0JTHS7IhHjjFf8AKZCyC,CTR20262221,CDE_CTR,cde_registered,CTR20262221,一项在既往接受过 1 至 3 线治疗（包括一种抗 CD38 抗体和来那度胺）的复发或难治性多发性骨髓瘤试验参与者中比较 JNJ-79635322 和特立妥单抗的 III 期、随机化研究,phase_3,recruiting,复发难治,靶向BCMA、GPRC5D、CD3的三抗,三抗,222,22,200,18,,2,1,3,reviewed,CLINICALTRIALS_GOV:NCT07518186 (https://clinicaltrials.gov/study/NCT07518186),cde_registration,https://chinamyeloma.org/registry/cde/CTR20262221.pdf,https://chinamyeloma.org/zh/clinical-trials/0JTHS7IhHjjFf8AKZCyC,2026-09-04T06:34:51.235Z
Oa5nj9qJ08UFPCqv9FKv,CTR20262569,CDE_CTR,cde_registered,CTR20262569,一项评估 6MW5311 在复发/难治急性髓系白血病、慢性粒单核细胞白血病、多发性骨髓瘤患者中的安全性、药代动力学、免疫原性和初步疗效的 I 期临床试验,phase_1,recruiting,复发难治,靶向LILRB4 和 CD3的双抗,,8,8,0,18,,2,3,,reviewed,,cde_registration,https://chinamyeloma.org/registry/cde/CTR20262569.pdf,https://chinamyeloma.org/zh/clinical-trials/Oa5nj9qJ08UFPCqv9FKv,2026-09-03T19:55:14.255Z
3Xyl6GTxzsOmc4Sv3EjW,NCT06644118,CLINICALTRIALS_GOV,international_registry_only,,一项 OL-101 注射液在复发或难治性多发性骨髓瘤患者中的早期探索性临床研究,phase_1,recruiting,复发难治,靶向 GPRC5D 和 BCMA 的双靶点 CAR-T 细胞疗法,CAR-T,1,1,0,18,75,1,3,,reviewed,,other,https://chinamyeloma.org/registry/doc/3Xyl6GTxzsOmc4Sv3EjW.pdf,https://chinamyeloma.org/zh/clinical-trials/3Xyl6GTxzsOmc4Sv3EjW,2026-09-07T15:45:08.855Z
Uv7bPdBcN77zr7EVExx4,NCT07620314,CLINICALTRIALS_GOV,international_registry_only,,KSVCBD注射液治疗CD19和/或BCMA表达阳性的B细胞恶性肿瘤的安全性和有效性的早期探索性临床研究,phase_1,recruiting,复发难治,"CD19, BCMA双靶点体内CAR-T",CAR-T,1,1,0,18,75,2,3,,reviewed,,clinicaltrials_registry,https://chinamyeloma.org/registry/doc/Uv7bPdBcN77zr7EVExx4.pdf,https://chinamyeloma.org/zh/clinical-trials/Uv7bPdBcN77zr7EVExx4,2026-09-04T04:29:03.957Z
Ka989Fz57ACzO7LF9sCq,NCT07622862,CLINICALTRIALS_GOV,international_registry_only,,一项评估靶向 BCMA/GPRC5D 双靶点同种异体通用型 CAR-T 细胞注射液（DQ1001）在复发或难治性多发性骨髓瘤（RRMM）患者中的安全性、耐受性及初步疗效的早期探索性临床研究,clinical_study,recruiting,复发难治,靶向BCMA/GPRC5D的异体通用型CAR-T,CAR-T,1,1,0,18,70,2,3,,reviewed,,clinicaltrials_registry,https://chinamyeloma.org/registry/doc/Ka989Fz57ACzO7LF9sCq.pdf,https://chinamyeloma.org/zh/clinical-trials/Ka989Fz57ACzO7LF9sCq,2026-09-03T19:55:09.164Z
pfw1HPGwZ9IK7VEiqZjP,NCT07715630,CLINICALTRIALS_GOV,international_registry_only,,体内制备的 PICX 嵌合抗原受体 T 细胞疗法用于治疗复发/难治性多发性骨髓瘤,clinical_study,recruiting,复发难治,复发/难治性多发性骨髓瘤,CAR-T,1,1,0,18,,,,,reviewed,,clinicaltrials_registry,https://chinamyeloma.org/registry/doc/pfw1HPGwZ9IK7VEiqZjP.pdf,https://chinamyeloma.org/zh/clinical-trials/pfw1HPGwZ9IK7VEiqZjP,2026-09-03T19:55:11.826Z
4shE4CVCRiHcAZNgAyeZ,TM20260016,OTHER,other_identifier_only,,一项 In Vivo CAR-T 治疗晚期恶性肿瘤（多发性骨髓瘤、淋巴瘤、白血病、实体瘤）I期研究,phase_1,recruiting,复发难治,靶向 BCMA/GPRC5D/DLL3/FcRH5 等多靶点的体内原位 (in Vivo) CAR-T 细胞疗法,CAR-T | cell_therapy,1,1,0,18,,2,,,reviewed,,other,https://chinamyeloma.org/registry/doc/4shE4CVCRiHcAZNgAyeZ.pdf,https://chinamyeloma.org/zh/clinical-trials/4shE4CVCRiHcAZNgAyeZ,2026-09-03T19:40:54.001Z
